{
    "description": "DO NOT DELETE THIS FILE. This file is used to keep track of which files have been synced in the most recent deployment. If you delete this file a resync will need to be done (which can take a while) - read more: https://github.com/SamKirkland/FTP-Deploy-Action",
    "version": "1.0.0",
    "generatedTime": 1751301462611,
    "data": [
        {
            "type": "file",
            "name": ".htaccess",
            "size": 318,
            "hash": "eccd9e4abfb2f912897c26e34d2725874c1f070db9ddaa63be5ab51dd3184af4"
        },
        {
            "type": "folder",
            "name": "admin"
        },
        {
            "type": "file",
            "name": "appointments-list.php",
            "size": 11667,
            "hash": "02206349acc268a5ba96c0c03f8744232b59c4ad8abe9b4c8274e604cfb78a05"
        },
        {
            "type": "file",
            "name": "appointments.php",
            "size": 1910,
            "hash": "02cab41030f76624dcd4f5213f1f7fb9f33cf170f5d277a712724601c4ec1adf"
        },
        {
            "type": "folder",
            "name": "assets"
        },
        {
            "type": "folder",
            "name": "auth"
        },
        {
            "type": "folder",
            "name": "backend"
        },
        {
            "type": "file",
            "name": "budget-management.css",
            "size": 2404,
            "hash": "6e093c23e3f03c64e6ece00a8b07450091e63015f2d04329939eb10ec06ec9ed"
        },
        {
            "type": "file",
            "name": "cals-list.js",
            "size": 0,
            "hash": "e3b0c44298fc1c149afbf4c8996fb92427ae41e4649b934ca495991b7852b855"
        },
        {
            "type": "file",
            "name": "cals.js",
            "size": 3207,
            "hash": "27e1637ebe8a43dff4caec5ff0d260d00f4ef8a50fa4ced4ad49e3877d0dee6a"
        },
        {
            "type": "folder",
            "name": "cash-flow"
        },
        {
            "type": "folder",
            "name": "components"
        },
        {
            "type": "folder",
            "name": "contact-management"
        },
        {
            "type": "file",
            "name": "create_admin.php",
            "size": 1071,
            "hash": "abc0be5c210aa4c16755f3a38a00d103b002c6143e0edfd6b4d97c4a79c31cdd"
        },
        {
            "type": "file",
            "name": "error_log",
            "size": 630,
            "hash": "bb4eaafde846a6625407d24a017cd35e81613d0a40380880ed33549d204232a2"
        },
        {
            "type": "file",
            "name": "fullcalendar.css",
            "size": 4557,
            "hash": "a507aa8ad7d2c9e3363feedae75dffa500a585aa3a5cc4b8f2b3928a2e6f1eea"
        },
        {
            "type": "file",
            "name": "fullcalendar.min.js",
            "size": 521575,
            "hash": "167408179419960d4c4a5954984c0f931ba5010d3ba92b431a72ff9d4b6186cf"
        },
        {
            "type": "folder",
            "name": "human-resource"
        },
        {
            "type": "file",
            "name": "human-resource.css",
            "size": 6466,
            "hash": "2547a1d684b01e378a157dd55aca38935845057e42a4d750fe44c2dbaadffe2f"
        },
        {
            "type": "file",
            "name": "index.css",
            "size": 15859,
            "hash": "749529de5fb753189c25af2f847f4dc711f72554aeeac680b41578430c84f1cf"
        },
        {
            "type": "file",
            "name": "index.php",
            "size": 9909,
            "hash": "64b8cb2ac9ca675e2e07b9ce70a0b59c091583cdefebc709d06099d3fb057bcc"
        },
        {
            "type": "file",
            "name": "input.css",
            "size": 2961,
            "hash": "dcb60605a1f637a365c157de7c8bd9ef1cceecd8a358acd1f511912fce56a953"
        },
        {
            "type": "folder",
            "name": "inventory"
        },
        {
            "type": "file",
            "name": "manage-projects.css",
            "size": 1676,
            "hash": "19792da94d1c7c67c349e3c51c0e9c31f5800a3f8d0839599df73632370889d7"
        },
        {
            "type": "file",
            "name": "new.sql",
            "size": 2433,
            "hash": "1925cc326e0c0750ecc31eace524d8fcea354c1fcab779d11cc83a258e10a52e"
        },
        {
            "type": "folder",
            "name": "project-management"
        },
        {
            "type": "file",
            "name": "project-management.css",
            "size": 5116,
            "hash": "91ea7177571ff508b5ff99e7e38271978329f74116dedf2429e0a6db7833bec5"
        },
        {
            "type": "file",
            "name": "risk-assessment.css",
            "size": 0,
            "hash": "e3b0c44298fc1c149afbf4c8996fb92427ae41e4649b934ca495991b7852b855"
        },
        {
            "type": "folder",
            "name": "settings"
        },
        {
            "type": "file",
            "name": "table.css",
            "size": 1797,
            "hash": "34adf6f715474cf91fa5bbb8f527f50d1e4c3faeb54fed2b921ab8a7a05cb70c"
        },
        {
            "type": "file",
            "name": "time-sheet.php",
            "size": 9144,
            "hash": "7c33d69d7e3b11d6615079b304f8e50bf73c9ead4066378012f4edba7c680a68"
        },
        {
            "type": "file",
            "name": "admin/current-user.php",
            "size": 2938,
            "hash": "ea2d50bb9b4981864d637ed4c72cfa8873771a834255ffe74af6a2f4c1763f50"
        },
        {
            "type": "file",
            "name": "admin/entry.php",
            "size": 1146,
            "hash": "6b90a059e18be85311668ee90683ff36485e9bdb581e58346d3352ac1539ee0b"
        },
        {
            "type": "file",
            "name": "admin/index.php",
            "size": 1342,
            "hash": "10b6e5f487ad3ac4364efec432f9909a0bc28158467c7efc597fdab168807931"
        },
        {
            "type": "file",
            "name": "admin/settings.php",
            "size": 5505,
            "hash": "b91965fdbd323c09f13f4011f4ab78d641abec283089ed5f5fd4ccb417e667b0"
        },
        {
            "type": "file",
            "name": "admin/users.php",
            "size": 22133,
            "hash": "4f0aee9d535dc7d2e7d93c3050cfd566f093a502dc7943bf9f275a372a98f5c9"
        },
        {
            "type": "file",
            "name": "assets/Delete.svg",
            "size": 2948,
            "hash": "e6bbfdf02bac1e857ee0d776be9cb1cbd2772cbc6564b0a74cdfadccf6342ea2"
        },
        {
            "type": "file",
            "name": "assets/animation.gif",
            "size": 926221,
            "hash": "9ce7a3d35d7c3a23d0a3cc2dba64bc5288e3fa02f0c730149868ada90b37b199"
        },
        {
            "type": "file",
            "name": "assets/avatar.jpg",
            "size": 49901,
            "hash": "0c01aa5750bbb871b5ec3b4c6b6459ef395e9b49dd056d40259f3f18d7f146cb"
        },
        {
            "type": "file",
            "name": "assets/award.png",
            "size": 111072,
            "hash": "7ab4c8874154600d9ca6361e03b9300afc02be8fce36f858a4b6b29cf8b30538"
        },
        {
            "type": "folder",
            "name": "assets/bootstrap"
        },
        {
            "type": "file",
            "name": "assets/budget-management.js",
            "size": 17067,
            "hash": "8c354388c49958217ee4ec18484b6c36c094ac9f5595018c7b4add329adfa3f0"
        },
        {
            "type": "file",
            "name": "assets/client_order.js",
            "size": 22631,
            "hash": "593ff22e467ce30f3e7924ed80d0d4b345566e2ace27e6af1c28cbc5c50cd7a7"
        },
        {
            "type": "file",
            "name": "assets/customer_return.js",
            "size": 17478,
            "hash": "30f7fc6b325178d116f6bfa569cd27adc87a2e499f1cee870773f6a9adc63de8"
        },
        {
            "type": "file",
            "name": "assets/edit.svg",
            "size": 759,
            "hash": "3eeb169374073986b6b618da278995d5efc1f44b6986f47a821ed0e40e26a121"
        },
        {
            "type": "file",
            "name": "assets/eye-open.png",
            "size": 1427,
            "hash": "093f733de0d4099dc3c2f371568032cdbd2dfd0234571d027efbc3caacb79b3b"
        },
        {
            "type": "file",
            "name": "assets/inventory.svg",
            "size": 580,
            "hash": "6f128fd4b9a434ecffa59cdd8886029fe21c6415b5809f93032aa8e5ff4d29ca"
        },
        {
            "type": "file",
            "name": "assets/logo.png",
            "size": 2237,
            "hash": "0c0c5e25ef10aab591a78d29cf6b9f4bb5ef76e177f9d41998d359a8a4e67929"
        },
        {
            "type": "file",
            "name": "assets/payroll.png",
            "size": 187672,
            "hash": "94595e03b7a8fda48351c89a5346ac3fca9fbc313a22b085d094d1edb402263f"
        },
        {
            "type": "file",
            "name": "assets/plus.svg",
            "size": 247,
            "hash": "2c15c1a901ac0c4c0ba13cfbc55d3d0be79c86dd7c22e4ba6bb1ac8ec02c835b"
        },
        {
            "type": "file",
            "name": "assets/project-management.js",
            "size": 16613,
            "hash": "fdd26023b6921cba64d14130a035fe17381dec4b9a50a706ed565c5c659f944f"
        },
        {
            "type": "file",
            "name": "assets/project-tasks.js",
            "size": 16427,
            "hash": "1433314d104b9f8fd63a039ffcc3db84e8a1948b3ef7e46b634eff2a00ce40c8"
        },
        {
            "type": "file",
            "name": "assets/project.svg",
            "size": 657,
            "hash": "b3c8a4b66ca1932abdb138c3dd9e422f520134e7948f655a6ff9ce342558a39e"
        },
        {
            "type": "file",
            "name": "assets/risk-management.js",
            "size": 16786,
            "hash": "34ebd52544e5104e403206b49dcf3687ecb11a8e7f1c31c6beb7980d2e7880cb"
        },
        {
            "type": "file",
            "name": "assets/risk-managmentold.js",
            "size": 19294,
            "hash": "bb46ff5dce5d6ba27eba47260436db0791b96d2f59f8aabfc439cc43e44479e1"
        },
        {
            "type": "file",
            "name": "assets/supplier-order.js",
            "size": 21557,
            "hash": "a3ea7ad7b120e4ef58a0efd544a7b6b43ca9a96b0f70e9d786b099c446e57011"
        },
        {
            "type": "file",
            "name": "assets/supplier_return.js",
            "size": 17466,
            "hash": "34486586dc5879d373bd5d7c388fb87ba19dd41c8f0979b11672353987ebd536"
        },
        {
            "type": "file",
            "name": "auth/error_log",
            "size": 140,
            "hash": "f93ed322455c88f6dcee3fa407201d5764317df8c3b2b6bb4bdb87ec23cdcfdf"
        },
        {
            "type": "file",
            "name": "auth/login.css",
            "size": 4278,
            "hash": "37ccd4b64e78f3841bef9d449ce81b9e8d2aa44f6b0b32f7f9653999756b1a6a"
        },
        {
            "type": "file",
            "name": "auth/login.php",
            "size": 8308,
            "hash": "f39423e54bcaf155b284596a8c9b9cee5f7386ac66a3f442d14290e159be79ab"
        },
        {
            "type": "file",
            "name": "auth/login_process.php",
            "size": 2189,
            "hash": "58f981f5a22f4cc76d03f1a188a91c0eeca1d591a1da85d54bbaf9648b6194fb"
        },
        {
            "type": "file",
            "name": "auth/logout.php",
            "size": 231,
            "hash": "b8b0bd71333928bf42660785cd26613868a55e3f8fefd3e71661815bdb10ded4"
        },
        {
            "type": "folder",
            "name": "backend/admin"
        },
        {
            "type": "folder",
            "name": "backend/appointment"
        },
        {
            "type": "folder",
            "name": "backend/cash-flow"
        },
        {
            "type": "folder",
            "name": "backend/contact-management"
        },
        {
            "type": "folder",
            "name": "backend/human-resource"
        },
        {
            "type": "file",
            "name": "backend/index.php",
            "size": 1459,
            "hash": "5580d23018c3c1a13c8e5732825198287b92d7b5d013ba0b46bd9acd8f19642f"
        },
        {
            "type": "folder",
            "name": "backend/inventory"
        },
        {
            "type": "folder",
            "name": "backend/overview"
        },
        {
            "type": "folder",
            "name": "backend/project-management"
        },
        {
            "type": "folder",
            "name": "backend/timesheet"
        },
        {
            "type": "file",
            "name": "cash-flow/cash-flow-statement.php",
            "size": 4000,
            "hash": "3dd01896b153c38664f1d5b467487207b294b562283ce9e70780951ddb2cecd5"
        },
        {
            "type": "file",
            "name": "cash-flow/expense-report.php",
            "size": 4019,
            "hash": "134d997124bd3d5c24359ede2acb4c2a48e39295f74a028345bbba304d1832ce"
        },
        {
            "type": "file",
            "name": "cash-flow/expense.php",
            "size": 21239,
            "hash": "59f053eb07d599b12e3f0b44028c0dc2c887e1fc0e5664588bf3b67b3008f6d3"
        },
        {
            "type": "file",
            "name": "cash-flow/income-statement.php",
            "size": 4490,
            "hash": "423a87a5d28e9a21abc7c5cc9976466ac7c66eaab57e4d54bff1477c42dd5d53"
        },
        {
            "type": "file",
            "name": "cash-flow/income.php",
            "size": 18908,
            "hash": "ade370b3b6c7c8e17a550046d6702bfa0e231d2b0c3ab6292faf40c51f0c901e"
        },
        {
            "type": "file",
            "name": "cash-flow/index.php",
            "size": 11311,
            "hash": "50e45bb9d5e05b23291c21113388c7a70f2199f44b2d9532513c2f10fa73588f"
        },
        {
            "type": "file",
            "name": "cash-flow/report.php",
            "size": 1477,
            "hash": "c2de26877580f7fcdf2132fea6d1656b22a7c169cb40959d5e4d62f0cbad4c7a"
        },
        {
            "type": "file",
            "name": "components/cashflow_footer.php",
            "size": 5115,
            "hash": "f66453cda735331512ad50e362d45438c3462fd37fc85830ba79916f01902257"
        },
        {
            "type": "file",
            "name": "components/common_footer.php",
            "size": 1334,
            "hash": "254eb6808e10f39255d58a32158486478bfc4cc67a98f0f3e0933a1d16a392fd"
        },
        {
            "type": "file",
            "name": "components/common_header.php",
            "size": 1043,
            "hash": "9157e3a4f3892f10b9f0538d86aed1c158699539ba66fe3272d2a41f79dfd13b"
        },
        {
            "type": "file",
            "name": "components/header.php",
            "size": 21163,
            "hash": "59c860d81be4d3396670d6ebf99ad44e81425819a715fb0cbeeaa37f0dc2c600"
        },
        {
            "type": "file",
            "name": "contact-management/clients.php",
            "size": 23892,
            "hash": "839e66da9490933b2e5a9f56b9db59f2fd9de9076ede8225b1e478226c739940"
        },
        {
            "type": "file",
            "name": "contact-management/contact-growth-report.php",
            "size": 8135,
            "hash": "336db49183bd48792327230bd313f0e644872fb9ddca059bfd7de303985a9c84"
        },
        {
            "type": "file",
            "name": "contact-management/contact-list-report.php",
            "size": 8097,
            "hash": "a852f2923ab46a8885d43eb056ffede6142afed5f7aa72237bc9a937320981eb"
        },
        {
            "type": "file",
            "name": "contact-management/fetch_leads.php",
            "size": 2323,
            "hash": "2f52b95e2291603533ce62c1b5563a627830abcbcd3aa68bb81400c429d25af1"
        },
        {
            "type": "file",
            "name": "contact-management/index.php",
            "size": 7069,
            "hash": "e3f4ab783cace802d61497350441b4fed33e4c498774ceb4b33c8a3c1aa1f8c4"
        },
        {
            "type": "file",
            "name": "contact-management/leads.php",
            "size": 30424,
            "hash": "4bb9138c7c79112d5b3642616c18e3de43f524087e377d70f6b288b4ad5af3ac"
        },
        {
            "type": "file",
            "name": "contact-management/report.php",
            "size": 1759,
            "hash": "b9f2c868998ed1621a22e11b99e8a124c0eb61817ef01e8fdce4d8738005cd5a"
        },
        {
            "type": "file",
            "name": "human-resource/add-staff-performance.php",
            "size": 17449,
            "hash": "b22f2b0e6febb743a05a252b3af7ab6f00aad80506c1a7270df6560349628309"
        },
        {
            "type": "file",
            "name": "human-resource/attendance-report.php",
            "size": 3254,
            "hash": "48c3321190d7f7942d26cd52632a0abd850658de8f9d21e4aafe4e8a0b16f07f"
        },
        {
            "type": "folder",
            "name": "human-resource/attendance-reports"
        },
        {
            "type": "file",
            "name": "human-resource/attendances.php",
            "size": 2809,
            "hash": "b3993c0214bec55f895298a21d7c697c85def9a80da639cc980b40d20d1a5e1d"
        },
        {
            "type": "file",
            "name": "human-resource/awards-and-incentives.php",
            "size": 15063,
            "hash": "a85359729578a7cb94f7aad757921354d207d1199ce10dacde291d09be36d73a"
        },
        {
            "type": "file",
            "name": "human-resource/deductions.php",
            "size": 2734,
            "hash": "702497f0ede724ac2f5b6086ebf69f1bfe43ae8b35ba308c03028dec38b07568"
        },
        {
            "type": "file",
            "name": "human-resource/departments.php",
            "size": 13760,
            "hash": "eda5c0484f9ae91c3f11913173f594066f3ee44c31678a018c58f69a7a1c908b"
        },
        {
            "type": "file",
            "name": "human-resource/employee-management.php",
            "size": 40132,
            "hash": "28ed53c4f08f1678c0cdf4a74292706438ea0c39a8ad39162b7d99b15d944cb6"
        },
        {
            "type": "file",
            "name": "human-resource/index.php",
            "size": 9710,
            "hash": "c4839e428fbcf725a0fedd4112a23c6326a6d073e62a3d244d3a5ab50f3fc17a"
        },
        {
            "type": "file",
            "name": "human-resource/leave-management.php",
            "size": 18684,
            "hash": "12bba6d359d95d6509263ee8e44462312d24adc71208a31806083c3c777dc810"
        },
        {
            "type": "file",
            "name": "human-resource/mentorship.php",
            "size": 4872,
            "hash": "61eae63b459264aab5395c37191edbedc2cca5b1b96002f76a40c3ab83d6bb71"
        },
        {
            "type": "file",
            "name": "human-resource/monthly-bonus.php",
            "size": 2725,
            "hash": "4323b910b780c216be86d4200c48b2a3f6e9dc438168a4691498c2a75688ba0b"
        },
        {
            "type": "file",
            "name": "human-resource/my-payroll.php",
            "size": 14028,
            "hash": "5c80f2f5f40c0962c5850879baa02cf4c5cc61dbc8b722ca021f85fc4218dbbc"
        },
        {
            "type": "file",
            "name": "human-resource/onboarding.php",
            "size": 40370,
            "hash": "4005ee70c8e2eb783a621189b39e98d8dfec7d9dd12bf7ffac3f0d393c107905"
        },
        {
            "type": "file",
            "name": "human-resource/pay-grade.php",
            "size": 10016,
            "hash": "2e8eb3fb03f86ab1f4bef338cd18aaa6230984e55b741d8d7a0858af7a86c9bd"
        },
        {
            "type": "file",
            "name": "human-resource/payment-history.php",
            "size": 4765,
            "hash": "11d6c5763a007f30f02c4169ad5c2b212bfd4cd1d83721762b697f4508f8f6ad"
        },
        {
            "type": "file",
            "name": "human-resource/payroll.php",
            "size": 1267,
            "hash": "c7ef3e45c1600e5d3cbe7ce8289ed41520c18046d07d96921c1452331e8b9080"
        },
        {
            "type": "file",
            "name": "human-resource/staff-of-the-month.php",
            "size": 4721,
            "hash": "c67d6e71617b91d1e17cada93fab288204b990ab55f71429e751d479cc4dc831"
        },
        {
            "type": "file",
            "name": "human-resource/staff-of-the-year.php",
            "size": 4604,
            "hash": "6746e885b8e2d6da3300ace5ff456994c74709304b1d08b528c953df284154b2"
        },
        {
            "type": "file",
            "name": "human-resource/staff-performance.php",
            "size": 50003,
            "hash": "94001abe579f6681879c2e6c537c66d57eb50e32cccb218d26ca093774251fba"
        },
        {
            "type": "file",
            "name": "human-resource/time-management.php",
            "size": 8363,
            "hash": "a4bdaa9aead7ae45239cbb7c5fe44ff87d18b134cd1ad88ee4e83b2dd1609f03"
        },
        {
            "type": "file",
            "name": "human-resource/top-performer.php",
            "size": 10068,
            "hash": "0eed5b553d21a8fe6d9cad9d6edf955352937b2045ebffa044b65d2d3c0683d6"
        },
        {
            "type": "file",
            "name": "human-resource/training.php",
            "size": 12913,
            "hash": "f8e3a1484fd7880d3cab279a179ac53fcc78bb851deabad0ed15b341cc197ae7"
        },
        {
            "type": "file",
            "name": "inventory/clients_orders.php",
            "size": 6220,
            "hash": "0ad3ae2a157e1d2a39bf7233b753c8074c728849f1bd3318688009528340523f"
        },
        {
            "type": "file",
            "name": "inventory/current_stock.php",
            "size": 17156,
            "hash": "18522da2257cacd0ce5c288e12ec237457635f97f884dc9868d7c87376a46c45"
        },
        {
            "type": "file",
            "name": "inventory/customer_returns.php",
            "size": 7837,
            "hash": "36d8df2fc00a3fda17873dd3b3f67f9a1c030db8cfc32c4b8193f5ea58833f5c"
        },
        {
            "type": "file",
            "name": "inventory/index.php",
            "size": 3209,
            "hash": "1082ccb4ae141a6e0e11937ad6dd2ceee08b6fd4cbb407c0e77b7f5afaa2a3a7"
        },
        {
            "type": "file",
            "name": "inventory/order_and_reorder_report.php",
            "size": 4355,
            "hash": "4c148f1a487bc01a9c3a3d14fbd723ea8ad1efb30b66300a894c0cf0a6c55968"
        },
        {
            "type": "file",
            "name": "inventory/reports.php",
            "size": 2114,
            "hash": "350ae27e331da968dbd7f15fc3f903e28cb5354ff29cd0fe62350ef9847b8d70"
        },
        {
            "type": "file",
            "name": "inventory/returns_and_refunds_report.php",
            "size": 4877,
            "hash": "fd76800b5a49d68499f647369a4f31ea5ae64d6dd7ed1c89d34c6255b1b148d6"
        },
        {
            "type": "file",
            "name": "inventory/stock_level_report.php",
            "size": 2997,
            "hash": "4daf87a09ea43e1f73fe87950413a95d6454ed1411a5dee0e46c02385d32cb09"
        },
        {
            "type": "file",
            "name": "inventory/supplier_performance_report.php",
            "size": 5438,
            "hash": "1efe229f7b9e9064aeaa6d1e845f97d5799b041a2d496dac8a2d9c55d558ba96"
        },
        {
            "type": "file",
            "name": "inventory/suppliers.php",
            "size": 12780,
            "hash": "4faeb75a62b06b75f8cb3e3833a093b879becf7becab8114f95ee15b67a4e954"
        },
        {
            "type": "file",
            "name": "inventory/suppliers_orders.php",
            "size": 6295,
            "hash": "194f18acd60f07f62e4a6706023038282d6ce5ac2e535bc8597474f1cab51b67"
        },
        {
            "type": "file",
            "name": "inventory/suppliers_returns.php",
            "size": 7831,
            "hash": "653924783625df1e20e5d771c32143a7e8acf4d653fb94cf0513a4854d5ed8c7"
        },
        {
            "type": "file",
            "name": "project-management/budget-management.php",
            "size": 17364,
            "hash": "5bd8d8856d0ea971abcfb04d1df952390f60a3d3af36a30ae1feeca1cae2f100"
        },
        {
            "type": "file",
            "name": "project-management/index.php",
            "size": 4270,
            "hash": "41a5ae089940662310daa8b561a76f1692f5f4719ff0e5185fe8a2d41b832e52"
        },
        {
            "type": "file",
            "name": "project-management/projects.php",
            "size": 10090,
            "hash": "5b9fa9cb097bb5ad392966edd70bc54850a3cbac05d180b5bc7622ddd7d0822b"
        },
        {
            "type": "file",
            "name": "project-management/risk-assessment.php",
            "size": 13159,
            "hash": "9e2e04735ec84f4a69c2773857143f3755fb33174756ea3949d789e04bf0e11a"
        },
        {
            "type": "file",
            "name": "project-management/script.js",
            "size": 2916,
            "hash": "d5f6ddb6d067fb352d4f78ef1de475883df70a9dd4b93a0593c6127d01c87e3e"
        },
        {
            "type": "file",
            "name": "project-management/style.css",
            "size": 6447,
            "hash": "129fe7a5e00b85b709ebe329a3b031eccd12d186ce559743e0261be9ca773f05"
        },
        {
            "type": "file",
            "name": "project-management/tasks.php",
            "size": 10785,
            "hash": "06b5321fb47711677e0f0750bb9b288c2314053991d62482defd233f430f5f82"
        },
        {
            "type": "file",
            "name": "settings/connection.php",
            "size": 562,
            "hash": "f523fa51adf51f3929703199d74ba13d2c04d578adbf30ad525d735bc38ff52d"
        },
        {
            "type": "folder",
            "name": "assets/bootstrap/css"
        },
        {
            "type": "folder",
            "name": "assets/bootstrap/js"
        },
        {
            "type": "file",
            "name": "backend/admin/current-user.php",
            "size": 645,
            "hash": "7a23469df5f98d0f71575a6abc92eaf778a5f2f2a96e5a366f0d333e0a318442"
        },
        {
            "type": "file",
            "name": "backend/appointment/delete_events.php",
            "size": 913,
            "hash": "d875d0e36d220e348037d3cd01bcfbb3d9a4b748623a1b384535f8f8e2ebc2ad"
        },
        {
            "type": "file",
            "name": "backend/appointment/edit_time.php",
            "size": 1246,
            "hash": "f4238c27102b5d5e5e7a994fb6d1a15bd6bdf128908e2525ebd743aa40585d42"
        },
        {
            "type": "file",
            "name": "backend/appointment/events-time.php",
            "size": 844,
            "hash": "09b3266d39bd77666d18438c0a3adec5b5e2966f5c7067390072c2c5ed6d2132"
        },
        {
            "type": "file",
            "name": "backend/appointment/events.php",
            "size": 777,
            "hash": "207546af7f008209c432750299505159077aea00e494ec64dc98ca8194d61e88"
        },
        {
            "type": "file",
            "name": "backend/appointment/save_appointment.php",
            "size": 707,
            "hash": "e6d3dcc6192f077b95ea8262825b2b96a108558f43922a94a160390fd730b885"
        },
        {
            "type": "folder",
            "name": "backend/cash-flow/expenses"
        },
        {
            "type": "file",
            "name": "backend/cash-flow/incomes.php",
            "size": 3672,
            "hash": "9e27f2885317f1433019db4c540f3d5e490351295e8c9a819275dc4b894ed28a"
        },
        {
            "type": "folder",
            "name": "backend/cash-flow/report"
        },
        {
            "type": "file",
            "name": "backend/contact-management/add_lead.php",
            "size": 1314,
            "hash": "c927d50536231ff65a0189015130fe35781d9b49db7a010b6ff53a4387ec206c"
        },
        {
            "type": "file",
            "name": "backend/contact-management/convert_to_client.php",
            "size": 422,
            "hash": "edf8aebbe9599558253a207b1350484e4de0adb9f5a5784bbba82041a6761600"
        },
        {
            "type": "file",
            "name": "backend/contact-management/delete_lead.php",
            "size": 249,
            "hash": "f0f71d6badcf46651e40984173f8ce2b68f681191c84bc70a28d2025c98030fa"
        },
        {
            "type": "file",
            "name": "backend/contact-management/edit_lead.php",
            "size": 1216,
            "hash": "1b4b783214987d84a2f15579caf58490b52aa30f8aa3c0060fd402f7cc87cc08"
        },
        {
            "type": "file",
            "name": "backend/contact-management/fetch_leads.php",
            "size": 1916,
            "hash": "b9427c76911d49b8b80112122b2f4d133cab6b7677dbdaacaca6a979ea188918"
        },
        {
            "type": "file",
            "name": "backend/contact-management/filter-leads.php",
            "size": 1922,
            "hash": "31206af5244c40c4937f966b235814a7ce406564e3acf7d744c682c65afecaac"
        },
        {
            "type": "file",
            "name": "backend/contact-management/get_client_by_id.php",
            "size": 448,
            "hash": "af0f85c660e18f08432ea25cbd86a0efa26a9447a7d0925199f59ff46f411b84"
        },
        {
            "type": "file",
            "name": "backend/contact-management/get_clients.php",
            "size": 1421,
            "hash": "6d87abc5b280d879f54e05061150780b73e9952154fd37cc8c6365d97273acdd"
        },
        {
            "type": "file",
            "name": "backend/contact-management/get_dashboard_stats.php",
            "size": 766,
            "hash": "59e872c517d83ab38b7cbbaa1cc0a243e47ec047e50eb9e41b095b5a58509e94"
        },
        {
            "type": "folder",
            "name": "backend/human-resource/departments"
        },
        {
            "type": "folder",
            "name": "backend/human-resource/employees"
        },
        {
            "type": "file",
            "name": "backend/human-resource/index.php",
            "size": 385,
            "hash": "ba51ec97efc236dd8c5583c2f763026bc1bac80c7220acdc57fca9659b49096c"
        },
        {
            "type": "folder",
            "name": "backend/human-resource/leave-management"
        },
        {
            "type": "folder",
            "name": "backend/human-resource/onboarding"
        },
        {
            "type": "folder",
            "name": "backend/human-resource/pay-grade"
        },
        {
            "type": "folder",
            "name": "backend/human-resource/payroll"
        },
        {
            "type": "folder",
            "name": "backend/human-resource/performance"
        },
        {
            "type": "folder",
            "name": "backend/human-resource/reports"
        },
        {
            "type": "folder",
            "name": "backend/human-resource/time-management"
        },
        {
            "type": "folder",
            "name": "backend/human-resource/training"
        },
        {
            "type": "folder",
            "name": "backend/human-resource/uploads"
        },
        {
            "type": "file",
            "name": "backend/inventory/add_stock.php",
            "size": 1340,
            "hash": "a11f3de98a159a037b1788a73766ff7e79bd59434eb546d5702eb624a18e0c19"
        },
        {
            "type": "file",
            "name": "backend/inventory/add_suppliers.php",
            "size": 1077,
            "hash": "777dbcd21f5aaaf8cfe0fcf24430ac21ded6270b79aae6000eacd36f2b0fa9dd"
        },
        {
            "type": "file",
            "name": "backend/inventory/add_suppliers_order.php",
            "size": 3760,
            "hash": "5b8b5a9e2a7c4593a89240e7a0c5a2035bc3c94712e61387cd533f1a1effd2b1"
        },
        {
            "type": "folder",
            "name": "backend/inventory/client-order"
        },
        {
            "type": "folder",
            "name": "backend/inventory/customer-return"
        },
        {
            "type": "file",
            "name": "backend/inventory/delete_stock.php",
            "size": 823,
            "hash": "9be0ebd56bb52d3bcfa0738349732dc1d86f069628ff8fafe77b2757c0e3c9ff"
        },
        {
            "type": "file",
            "name": "backend/inventory/delete_supplier.php",
            "size": 831,
            "hash": "fe58c54a8e7a12f74f43d76a8d108ce6226de163c71587cf4cc0d73666bbb7ad"
        },
        {
            "type": "file",
            "name": "backend/inventory/delete_suppliers_order.php",
            "size": 1634,
            "hash": "9273860e273258652ac1af2d39970d6013219a32bd7f184cbe8395887deb72b9"
        },
        {
            "type": "file",
            "name": "backend/inventory/edit_stock.php",
            "size": 1570,
            "hash": "7caf42b7477ec2e3048a3abf17ffd5d5f231d927f121ee460c5e830679fa242b"
        },
        {
            "type": "file",
            "name": "backend/inventory/edit_supplier.php",
            "size": 1320,
            "hash": "46b91a62725c2f7c71855ba00ad325e89b713d85355d32b8f6c0cd7dd17a2760"
        },
        {
            "type": "file",
            "name": "backend/inventory/edit_suppliers_order.php",
            "size": 4393,
            "hash": "adffea95a5a67418a7bcda5a0b0258eb36ad7fb5aac6234a3ab524b342d43fa5"
        },
        {
            "type": "file",
            "name": "backend/inventory/fetch_stocks.php",
            "size": 695,
            "hash": "0ee11649a36abc31c0f7377f6d16372f691927b02b08d917ac2745e6c142241b"
        },
        {
            "type": "file",
            "name": "backend/inventory/fetch_stocks_all.php",
            "size": 639,
            "hash": "c63468d2641d2b7b6b6c26fe74d6bff91129a1484e71984968892b4ec7f1b58f"
        },
        {
            "type": "file",
            "name": "backend/inventory/fetch_suppliers.php",
            "size": 676,
            "hash": "33e94d253ded8767ec024c4f043c2e156b5cc5e9c61023b38bb571f5b6830827"
        },
        {
            "type": "file",
            "name": "backend/inventory/fetch_suppliers_orders.php",
            "size": 1665,
            "hash": "5af4f885865a4139fef399e8ce5d4e151424d3d0ae4819f5d38f69bf850762f7"
        },
        {
            "type": "file",
            "name": "backend/inventory/index.php",
            "size": 1396,
            "hash": "8f3f5e9b2fe3ffb0b19e17b6236efa72260f46c86a468c6c3b0f6e2ec00474db"
        },
        {
            "type": "folder",
            "name": "backend/inventory/report"
        },
        {
            "type": "folder",
            "name": "backend/inventory/supplier-return"
        },
        {
            "type": "file",
            "name": "backend/overview/index.php",
            "size": 2990,
            "hash": "db5239ac1cc8439a85f1736ae5e8273cef7ee84cf225e0ffe28f391efad9338a"
        },
        {
            "type": "file",
            "name": "backend/project-management/add_budgets.php",
            "size": 1342,
            "hash": "6e53f73c277b66ea69db42c90600a138dec4377f0a75273f50fc593e63265c72"
        },
        {
            "type": "file",
            "name": "backend/project-management/add_issue.php",
            "size": 1438,
            "hash": "31a170ac65f49ca388f3404458583c84f45d57229151f1f3183d68da4f2a67df"
        },
        {
            "type": "file",
            "name": "backend/project-management/add_projects.php",
            "size": 1783,
            "hash": "2d9d689bd8ae7dde583862c8ba35a7470e99072f4c1063e053fee4f6e18c3f9f"
        },
        {
            "type": "file",
            "name": "backend/project-management/add_tasks.php",
            "size": 1744,
            "hash": "d717ee342b4ff5437e214e292b08944627d6798fbb34ce6921e7c0f68071efc9"
        },
        {
            "type": "file",
            "name": "backend/project-management/delete_budget.php",
            "size": 1121,
            "hash": "980b79c170bc7b89dba9c817466634e7aed424d3d9d443a65ab358e1e496fa1c"
        },
        {
            "type": "file",
            "name": "backend/project-management/delete_issue.php",
            "size": 1014,
            "hash": "c5de6507ee5883b82d8d6e80943bd4dd113fce5099828b41c9e9f3466f854946"
        },
        {
            "type": "file",
            "name": "backend/project-management/delete_projects.php",
            "size": 1204,
            "hash": "7a9966d85cb008335e85f5758e137e282ec7482ec5046530d3bdbafc24f9ff6d"
        },
        {
            "type": "file",
            "name": "backend/project-management/delete_tasks.php",
            "size": 965,
            "hash": "822ca4cfd59102640a4ca98d03cdf35b3adeab54f7a6f52d471c587a395cf3a5"
        },
        {
            "type": "file",
            "name": "backend/project-management/edit_budgets.php",
            "size": 1713,
            "hash": "1cca5ecfec169be4921ba9633b36ce5fcc5665186870264cc477a73fb2c563cf"
        },
        {
            "type": "file",
            "name": "backend/project-management/edit_issues.php",
            "size": 1923,
            "hash": "b0468bf1cbbe2dbdfdfc1d6649de0d27e06447e30ee797542130d7f3a7f4fecb"
        },
        {
            "type": "file",
            "name": "backend/project-management/edit_projects.php",
            "size": 2579,
            "hash": "ca960bc45c815f1b20b762a4030679bb135bbcba4e104af0bd5f421ed306fcad"
        },
        {
            "type": "file",
            "name": "backend/project-management/edit_tasks.php",
            "size": 1954,
            "hash": "2610b2ab51484134fc0312ce9cf92823c49a758bea9bae36bab9179738ec87b5"
        },
        {
            "type": "file",
            "name": "backend/project-management/fetch_all_budgets.php",
            "size": 1166,
            "hash": "08edd42ad5ea0f4a913a8e208e667f70222eaba7395f5e06d231da6dba594bf0"
        },
        {
            "type": "file",
            "name": "backend/project-management/fetch_all_projects.php",
            "size": 741,
            "hash": "1e4ab205d2efe6a1bead2165f61146d789f07506e59954cc19c7043d5ffac558"
        },
        {
            "type": "file",
            "name": "backend/project-management/fetch_budgets.php",
            "size": 1099,
            "hash": "4d7aa1d56caf52668749581117f8d384b8b484882673a1f57e9f1860dca97930"
        },
        {
            "type": "file",
            "name": "backend/project-management/fetch_employees.php",
            "size": 684,
            "hash": "7d67a7c2954d5a1df91d9b60148ee98d57685c07c77d092454eaa59c6b95969d"
        },
        {
            "type": "file",
            "name": "backend/project-management/fetch_issues.php",
            "size": 1372,
            "hash": "8b4c2f9d666b2b476d4a51fea2e1e51a28b72400a5cb4a38fb198163ae3f0d86"
        },
        {
            "type": "file",
            "name": "backend/project-management/fetch_projects.php",
            "size": 2167,
            "hash": "d434c04034f08bf43842fb1d75859a11fff4080d1682210fa86b51edb49d0dd9"
        },
        {
            "type": "file",
            "name": "backend/project-management/fetch_tasks.php",
            "size": 2836,
            "hash": "61f0a6f0a0eb03be9c8d5d14ebc0ece0a6599367c36244bd32659465aef307cd"
        },
        {
            "type": "file",
            "name": "backend/project-management/get_project_assignees.php",
            "size": 1142,
            "hash": "f5b91c769774750dc600ca3955636e30c5318278627f29f2d4e46db5236ac9a7"
        },
        {
            "type": "file",
            "name": "backend/timesheet/save_timesheet.php",
            "size": 1511,
            "hash": "877bd8d414240117e8728baa4d5fa36fbbe1f52dde616d18654e6aee7735583a"
        },
        {
            "type": "file",
            "name": "human-resource/attendance-reports/absenteesim.php",
            "size": 3892,
            "hash": "75e56fdf994f90dfae97274d00a95769a20aef2bbb104ade9841ec5b5a95fa89"
        },
        {
            "type": "file",
            "name": "human-resource/attendance-reports/daily-attendance-report.php",
            "size": 5146,
            "hash": "80e1136ea305030e804639aeb01be51181f1a746eb037af886fb9ddd6fabc5e9"
        },
        {
            "type": "file",
            "name": "human-resource/attendance-reports/hoilday.php",
            "size": 3941,
            "hash": "e594fa433c0c7d7e42b174fe53568bc18bbab77605872950d4e67cc5cec3f83f"
        },
        {
            "type": "file",
            "name": "human-resource/attendance-reports/leave.php",
            "size": 4479,
            "hash": "4311c7fdb31a63d3bc03e9d3b306588865eaa6f25c2d2d6433b18d656fe6b0ad"
        },
        {
            "type": "file",
            "name": "human-resource/attendance-reports/overtime.php",
            "size": 9574,
            "hash": "35d571edea7aa55495e1a0ce2c36adbe67a0c3077d221b820389eeb90e435da9"
        },
        {
            "type": "file",
            "name": "human-resource/attendance-reports/punctuality.php",
            "size": 5076,
            "hash": "0cdd5603680868714658ff910698b2884792e326eb72891aa1b262c28a8338ab"
        },
        {
            "type": "file",
            "name": "human-resource/attendance-reports/summary.php",
            "size": 3983,
            "hash": "f85c7064783ac68e1e533ba43955a88a99baaead9b2b511528af143a1f12629e"
        },
        {
            "type": "file",
            "name": "human-resource/attendance-reports/yearly-report.php",
            "size": 4146,
            "hash": "984d53430f3c6e3b87e765c75c541f28ae79a80b3a2c681066d66e6d36804216"
        },
        {
            "type": "file",
            "name": "assets/bootstrap/css/bootstrap-grid.css",
            "size": 70329,
            "hash": "632e7f841a919a6536309d532b03f6697a133baf8e8f3acb98922c0b65b2e07f"
        },
        {
            "type": "file",
            "name": "assets/bootstrap/css/bootstrap-grid.css.map",
            "size": 203221,
            "hash": "c404fe9f6e4513986f3a38f67c6e1874ec2bd5b97822500904d83a3db84b4f61"
        },
        {
            "type": "file",
            "name": "assets/bootstrap/css/bootstrap-grid.min.css",
            "size": 51795,
            "hash": "e670c73068b27d91e5dd45de3ee84b0d047d9dc3df051d4725e64b5f224d576e"
        },
        {
            "type": "file",
            "name": "assets/bootstrap/css/bootstrap-grid.min.css.map",
            "size": 115986,
            "hash": "9202fec7056633c20eb35e659e81edf5d691d8b44c8811bf7188143dc290398e"
        },
        {
            "type": "file",
            "name": "assets/bootstrap/css/bootstrap-grid.rtl.css",
            "size": 70403,
            "hash": "099c6817cce368b97256472f5420e573c09e411d70d5132bbe0631df472cf243"
        },
        {
            "type": "file",
            "name": "assets/bootstrap/css/bootstrap-grid.rtl.css.map",
            "size": 203225,
            "hash": "fec890500f325fcdf48fe70be1a98a1d8df206d9f79fccf7120f95675e5ff749"
        },
        {
            "type": "file",
            "name": "assets/bootstrap/css/bootstrap-grid.rtl.min.css",
            "size": 51870,
            "hash": "bccc5372f902e0bcbb2e2013dc6f32132f44a53afb1607b849ccd6a74effa779"
        },
        {
            "type": "file",
            "name": "assets/bootstrap/css/bootstrap-grid.rtl.min.css.map",
            "size": 116063,
            "hash": "ec674e970ed4ff083269e52d166c4fcf9fcca6176f5523ed54e3a54e7f5cdf74"
        },
        {
            "type": "file",
            "name": "assets/bootstrap/css/bootstrap-reboot.css",
            "size": 12065,
            "hash": "968f5823cd8e174defa2376ef97391dfe0d1acb229321a7364d9876cce420cc0"
        },
        {
            "type": "file",
            "name": "assets/bootstrap/css/bootstrap-reboot.css.map",
            "size": 129371,
            "hash": "45727f4198817c75e83ed5d1d84802f9b168da97b71ad6d93bbdb646d88b1b34"
        },
        {
            "type": "file",
            "name": "assets/bootstrap/css/bootstrap-reboot.min.css",
            "size": 10126,
            "hash": "97cbede68a33bfde7c78c77d4c5b0f016825f4924af5829f6d54acf2672143ce"
        },
        {
            "type": "file",
            "name": "assets/bootstrap/css/bootstrap-reboot.min.css.map",
            "size": 51369,
            "hash": "d1ea954fada4a912c987da13a8b7881f852742c92a56389bf219767d7c65e258"
        },
        {
            "type": "file",
            "name": "assets/bootstrap/css/bootstrap-reboot.rtl.css",
            "size": 12058,
            "hash": "57ca6c9c7a094bf30f9425d6c1cfc9ded1ada7d7378061519aab08420a67f868"
        },
        {
            "type": "file",
            "name": "assets/bootstrap/css/bootstrap-reboot.rtl.css.map",
            "size": 129386,
            "hash": "3a8415c21ec0ae9edb5682b66624f1d92fff2ab9cfad23f33d9f770aa08c85ef"
        },
        {
            "type": "file",
            "name": "assets/bootstrap/css/bootstrap-reboot.rtl.min.css",
            "size": 10198,
            "hash": "ffc8e1f217043052b24ba8285aa9cdbbbb7713364f0867506603bab02908f2d2"
        },
        {
            "type": "file",
            "name": "assets/bootstrap/css/bootstrap-reboot.rtl.min.css.map",
            "size": 63943,
            "hash": "f75d33c3eacc75c8342ece3c013a7ae6f127f2b7791ef3f138a9b6c77fc20482"
        },
        {
            "type": "file",
            "name": "assets/bootstrap/css/bootstrap-utilities.css",
            "size": 107823,
            "hash": "d81b9b80d50f950485ff4c0b15c45743f623ce4f6fb146c301e2b640cfa1fb2a"
        },
        {
            "type": "file",
            "name": "assets/bootstrap/css/bootstrap-utilities.css.map",
            "size": 267535,
            "hash": "35f8eb73852bf45bf6a0112cc10588c819cd0cff7dabe2e12fecfde79dced1c6"
        },
        {
            "type": "file",
            "name": "assets/bootstrap/css/bootstrap-utilities.min.css",
            "size": 85352,
            "hash": "2b213dc5b28ef42b98c741d7a482a0b1622f5e401f213b62435ef68f6eb0991b"
        },
        {
            "type": "file",
            "name": "assets/bootstrap/css/bootstrap-utilities.min.css.map",
            "size": 180381,
            "hash": "ac70e68a9e09673b9a18e71243541242b21b1b411bdd98daf7086a485d736085"
        },
        {
            "type": "file",
            "name": "assets/bootstrap/css/bootstrap-utilities.rtl.css",
            "size": 107691,
            "hash": "1fac2405b4b08ee6b6bde2684e1268e2ecb5eb58e9f833a2653968525719eaa4"
        },
        {
            "type": "file",
            "name": "assets/bootstrap/css/bootstrap-utilities.rtl.css.map",
            "size": 267476,
            "hash": "a74055ab955efdda2104875f6eb66ca1036ed36252b0a875834c1bca242251a5"
        },
        {
            "type": "file",
            "name": "assets/bootstrap/css/bootstrap-utilities.rtl.min.css",
            "size": 85281,
            "hash": "18052e9ba163c10f07ad719aa054671d3a9040ba658d719abd3ee6057f04f6a5"
        },
        {
            "type": "file",
            "name": "assets/bootstrap/css/bootstrap-utilities.rtl.min.css.map",
            "size": 180217,
            "hash": "a3c5cadf699c63f15f70e4350f61c9bd5b99d184d74944590cb5c22b47e741e0"
        },
        {
            "type": "file",
            "name": "assets/bootstrap/css/bootstrap.css",
            "size": 281046,
            "hash": "18a105d7cb38e01e5ed0ca255c092992a2e211b39594a7fa57262bfc6fc4ea9c"
        },
        {
            "type": "file",
            "name": "assets/bootstrap/css/bootstrap.css.map",
            "size": 679755,
            "hash": "2b3355477a7b51919b6bde1d9c2b6573a8d78cae6ead23e267f78d9ca4e60e4c"
        },
        {
            "type": "file",
            "name": "assets/bootstrap/css/bootstrap.min.css",
            "size": 232803,
            "hash": "3c8f27e6009ccfd710a905e6dcf12d0ee3c6f2ac7da05b0572d3e0d12e736fc8"
        },
        {
            "type": "file",
            "name": "assets/bootstrap/css/bootstrap.min.css.map",
            "size": 589892,
            "hash": "f12338536350a422c64d02d6e43ff1dea493c3156ad823fe19761cdd5d56c05b"
        },
        {
            "type": "file",
            "name": "assets/bootstrap/css/bootstrap.rtl.css",
            "size": 280259,
            "hash": "8f91385c88f5a7590d9c38b4c75b5e5fd457a21d7f14d94fbc230bf589918764"
        },
        {
            "type": "file",
            "name": "assets/bootstrap/css/bootstrap.rtl.css.map",
            "size": 679615,
            "hash": "ddb61652289560c65fbf6c2ae499d722c1e540a8122acfd57118af823819d61a"
        },
        {
            "type": "file",
            "name": "assets/bootstrap/css/bootstrap.rtl.min.css",
            "size": 232911,
            "hash": "879944ecd9bc4a4788a411c763137df6ca4fdd5b8614a97935982ca1c8a5ef39"
        },
        {
            "type": "file",
            "name": "assets/bootstrap/css/bootstrap.rtl.min.css.map",
            "size": 589087,
            "hash": "ad3cd79677a971bfef80502207e53b3834007ce9492df337818e8853b78800d9"
        },
        {
            "type": "file",
            "name": "assets/bootstrap/js/bootstrap.bundle.js",
            "size": 207819,
            "hash": "9a4a11a15db88d5fab08f59c1c34796b03f1f15bb3cc928dd226e1c59f7f59a3"
        },
        {
            "type": "file",
            "name": "assets/bootstrap/js/bootstrap.bundle.js.map",
            "size": 444579,
            "hash": "5aae1a596d6b41d27eea8020cb525073d2018c72fd4f730a7d74c136a3afd367"
        },
        {
            "type": "file",
            "name": "assets/bootstrap/js/bootstrap.bundle.min.js",
            "size": 80721,
            "hash": "0833b2e9c3a26c258476c46266e6877fc75218625162e0460be9a3a098a61c6c"
        },
        {
            "type": "file",
            "name": "assets/bootstrap/js/bootstrap.bundle.min.js.map",
            "size": 332090,
            "hash": "5e3e0763164143baaa1ca0706b6100ba0452f911d6ce9713b48e3dbe07b35125"
        },
        {
            "type": "file",
            "name": "assets/bootstrap/js/bootstrap.esm.js",
            "size": 135829,
            "hash": "7b189764d243c2e7177ee8dedc26d73dbb92ebe12bcb7cfdb0ffa9826be1f270"
        },
        {
            "type": "file",
            "name": "assets/bootstrap/js/bootstrap.esm.js.map",
            "size": 305438,
            "hash": "10f44b829a9691a84bc449fa0948dd33be91218230d71747c136de1ecb2e8ffe"
        },
        {
            "type": "file",
            "name": "assets/bootstrap/js/bootstrap.esm.min.js",
            "size": 73935,
            "hash": "4197454f564d765cb8ae681406d5e65c54bd054d454dafac3deea1efde2c1514"
        },
        {
            "type": "file",
            "name": "assets/bootstrap/js/bootstrap.esm.min.js.map",
            "size": 222455,
            "hash": "4ec6eff33e9594d815113f31bf3ff22e8fefe622474c08f62788648633f5ac73"
        },
        {
            "type": "file",
            "name": "assets/bootstrap/js/bootstrap.js",
            "size": 145401,
            "hash": "f945bcd36c2055f9e36926ddc321cb954ec056995bd164e83a5bcdd429f321a7"
        },
        {
            "type": "file",
            "name": "assets/bootstrap/js/bootstrap.js.map",
            "size": 306606,
            "hash": "f56afb1f17bc802243a081e1e713f6f65757bc2de43761a489f423f5cf2f631e"
        },
        {
            "type": "file",
            "name": "assets/bootstrap/js/bootstrap.min.js",
            "size": 60635,
            "hash": "de040986d9a3ed89d5d5f9ad6d5727015e9e238c2cd13af8f1b55909386d0864"
        },
        {
            "type": "file",
            "name": "assets/bootstrap/js/bootstrap.min.js.map",
            "size": 220561,
            "hash": "648d357bf9ece3bdc62af0021b831c82025dc6f15f148c38c6ca704221bc61ee"
        },
        {
            "type": "file",
            "name": "backend/cash-flow/expenses/add_expense.php",
            "size": 1269,
            "hash": "d939b58a7f8cffbd36b3cc96aff8b44a2efeb1ff43f661333fdd224a41703910"
        },
        {
            "type": "file",
            "name": "backend/cash-flow/expenses/delete_expense.php",
            "size": 455,
            "hash": "f300de5d209759052be5fa66e9bb7dea3c8e4575d833c967ae20758d1bb18bda"
        },
        {
            "type": "file",
            "name": "backend/cash-flow/expenses/edit_expense.php",
            "size": 971,
            "hash": "e5906e98331c9766ff9011173f61902bce7b2ad05c340cb4f5d5a6139b8225c9"
        },
        {
            "type": "file",
            "name": "backend/cash-flow/expenses/get_expense.php",
            "size": 495,
            "hash": "b2c70112450195e4dd2b1f6622f0e2473cb3f07eeb290c217e9e8973d2db07bf"
        },
        {
            "type": "file",
            "name": "backend/cash-flow/expenses/update_expense.php",
            "size": 1583,
            "hash": "b9179d8d45a8ab6ce90f8f3438f9d471797c5053aba8e3851dce9e6990ab1df0"
        },
        {
            "type": "file",
            "name": "backend/cash-flow/report/fetch_income.php",
            "size": 1185,
            "hash": "f0b688b4e1f14d8ad2171dd24a7ff16fd5d3dd5d3fc3717a4bc5db381f336eb3"
        },
        {
            "type": "file",
            "name": "backend/cash-flow/report/get_filters.php",
            "size": 398,
            "hash": "e568ee50e3476ea878009d875a0b24dead1a036e97fe9087257942246622925e"
        },
        {
            "type": "file",
            "name": "backend/human-resource/departments/create_department.php",
            "size": 573,
            "hash": "87f16b7662d683bf8a702112a6f9d6dd1667bc762dc45ce4ec618ba421661544"
        },
        {
            "type": "file",
            "name": "backend/human-resource/departments/delete_department.php",
            "size": 254,
            "hash": "67c16f591b56440cfb271ef5e373c1a40917cd521ddb33484b3b180d9cb15e0e"
        },
        {
            "type": "file",
            "name": "backend/human-resource/departments/get_departments.php",
            "size": 866,
            "hash": "e33755ed7a5244e7dcd5cf743bde96f51abff5e52fa290612497de8b9bed0cd4"
        },
        {
            "type": "file",
            "name": "backend/human-resource/departments/update_department.php",
            "size": 650,
            "hash": "ca4773ad8543ec34d433585b3dd44a9711e5da7a63d856b4b1ef5a74808e5ef9"
        },
        {
            "type": "file",
            "name": "backend/human-resource/employees/add_employee.php",
            "size": 4371,
            "hash": "cde13ca6fe221d0ea2852eb298f77931e99e5a38dcb61284ef1960a0c888e1d3"
        },
        {
            "type": "file",
            "name": "backend/human-resource/employees/delete_employee.php",
            "size": 412,
            "hash": "2e771a069db5c8536bd46431ba263821af178176e023756806f1c03dc1f66de7"
        },
        {
            "type": "file",
            "name": "backend/human-resource/employees/employees.php",
            "size": 19946,
            "hash": "a4ceddd4e020d9480448e9aadd905e23bb929b313315ca71ff90b8511dd3aa32"
        },
        {
            "type": "file",
            "name": "backend/human-resource/employees/fetch_employees.php",
            "size": 2003,
            "hash": "d8fb96c68b387c3df9a11d1c27e8cdefaccd45f809e11e633d797ef64d2c9338"
        },
        {
            "type": "file",
            "name": "backend/human-resource/employees/filter_employees.php",
            "size": 2092,
            "hash": "3e4059e24b9d41f0032f193320526b0b47937e7e62dfb491ca90b8f500dca37d"
        },
        {
            "type": "file",
            "name": "backend/human-resource/employees/get_employee.php",
            "size": 1028,
            "hash": "23cbc93f66c3724d93c2d5db37c3f849ab4d5e8584b8e4c40f2c26e2339969d6"
        },
        {
            "type": "file",
            "name": "backend/human-resource/employees/get_employee_names.php",
            "size": 620,
            "hash": "a83a3487b6e814d65c14142e85c7425348e90ace4672387b6e5bddeb37cf2638"
        },
        {
            "type": "file",
            "name": "backend/human-resource/employees/update_employee.php",
            "size": 4562,
            "hash": "30925670aa22c5c8919061cec19a9b27eaa1831a357c34a14975f23b91d60792"
        },
        {
            "type": "file",
            "name": "backend/human-resource/employees/upload.php",
            "size": 1546,
            "hash": "3c2e3fdbcf9ca3baf09ab7a4a83733a02e431305bf85c97d29391d3017e097bf"
        },
        {
            "type": "folder",
            "name": "backend/human-resource/employees/uploads"
        },
        {
            "type": "file",
            "name": "backend/human-resource/leave-management/delete_leave.php",
            "size": 240,
            "hash": "a0b7e72578e11e0cec59cac862c27622e164a5ac17e1c35916cf560b5ad02308"
        },
        {
            "type": "file",
            "name": "backend/human-resource/leave-management/fetch_leaves.php",
            "size": 1386,
            "hash": "46e6d4f8ae0bf3d78e2bb0d8e38fe46e8ee8c07819d0323be2a1e235d8296139"
        },
        {
            "type": "file",
            "name": "backend/human-resource/leave-management/filter_leaves.php",
            "size": 1620,
            "hash": "8b8f45017c139bdb5013c9de353b3124af39dc36f59c2378f0ba9ff9453337d6"
        },
        {
            "type": "file",
            "name": "backend/human-resource/leave-management/get_leave.php",
            "size": 267,
            "hash": "c5bf3546b121656f65d070c5aa85b283bd26ae76d9c12796c3c53375d8312578"
        },
        {
            "type": "file",
            "name": "backend/human-resource/leave-management/submit_leave.php",
            "size": 1544,
            "hash": "d3ce602158c657354a7da76129d128ffb8c212e4e7ffd3cb9a96a45c063629b5"
        },
        {
            "type": "file",
            "name": "backend/human-resource/leave-management/update_leave.php",
            "size": 1207,
            "hash": "17386ad50849c7c129ee4f45d5bb1cc1e9d301f5f732788e0e656493eb39a8b1"
        },
        {
            "type": "file",
            "name": "backend/human-resource/onboarding/debug_post.log",
            "size": 0,
            "hash": "e3b0c44298fc1c149afbf4c8996fb92427ae41e4649b934ca495991b7852b855"
        },
        {
            "type": "file",
            "name": "backend/human-resource/onboarding/delete_onboarding.php",
            "size": 507,
            "hash": "eba27c5ea2a7a2d8a13257afa9fe61bcd253efd6864a473996f288e462cd3bda"
        },
        {
            "type": "file",
            "name": "backend/human-resource/onboarding/get_employees.php",
            "size": 386,
            "hash": "d50c119e39ccef4f9b2bb1232ca76c96de1ac80448965f2761ec44e936298aaf"
        },
        {
            "type": "file",
            "name": "backend/human-resource/onboarding/get_onboarding.php",
            "size": 423,
            "hash": "d9fc460b3cc5badf5244e36d76f7787ea9aed5deedcd4810aa68f5984ea2d7a4"
        },
        {
            "type": "file",
            "name": "backend/human-resource/onboarding/parameters.log",
            "size": 969,
            "hash": "5216f05d975fe10102795e472e87261045ed707019136bfa22d9028050dbc639"
        },
        {
            "type": "file",
            "name": "backend/human-resource/onboarding/submit_onboarding.php",
            "size": 4438,
            "hash": "822000c7937522da1b06beea8c028179af76a3d1dd433e1eef0dfbc7df10a94e"
        },
        {
            "type": "file",
            "name": "backend/human-resource/onboarding/update_onboarding.php",
            "size": 4638,
            "hash": "fc3b0d06160d02761a09afe9e0d277f1fc0e56bc889f28753901094fdda51099"
        },
        {
            "type": "file",
            "name": "backend/human-resource/pay-grade/add_pay_grade.php",
            "size": 790,
            "hash": "9d8f4b580d9f68c06762a8783620d979b6b5873f32f71fe4f63c90578b68199c"
        },
        {
            "type": "file",
            "name": "backend/human-resource/pay-grade/delete_pay_grade.php",
            "size": 311,
            "hash": "f6a5cbce843127284fd3d02b6c9a3855277e0a3dc5c842ee492cea0912340fb3"
        },
        {
            "type": "file",
            "name": "backend/human-resource/pay-grade/fetch_pay_grades.php",
            "size": 236,
            "hash": "db168bc3e4adfce13b9e4efaf267869674e6ee3e4cc0ec6a177047ced78b793a"
        },
        {
            "type": "file",
            "name": "backend/human-resource/pay-grade/update_pay_grade.php",
            "size": 917,
            "hash": "1851bb0ab8006c7bf6528246b4713b8c057a2d1863209e4464c136267bbdd25f"
        },
        {
            "type": "file",
            "name": "backend/human-resource/payroll/add_payroll.php",
            "size": 725,
            "hash": "312861ea0436959710e1d1107c6c98b36f207b1019177474d108879caaccb8e6"
        },
        {
            "type": "file",
            "name": "backend/human-resource/payroll/delete_payroll.php",
            "size": 337,
            "hash": "4103c5662f470c256dbecf84abd9a7e1f480aa0fad00b26b7358dfe3a5917b5a"
        },
        {
            "type": "file",
            "name": "backend/human-resource/payroll/fetch_all_payrolls.php",
            "size": 968,
            "hash": "38e93daf8978341b8e9f4ba06a80f266fd69e9d381641b20a6aa11ea804e6014"
        },
        {
            "type": "file",
            "name": "backend/human-resource/payroll/fetch_deductions.php",
            "size": 356,
            "hash": "c384b75154dc684bdec381459d14bc80fe0cafa5eb7edb2b4cb1c45a9b9575a7"
        },
        {
            "type": "file",
            "name": "backend/human-resource/payroll/fetch_monthly_bonus.php",
            "size": 360,
            "hash": "951d04ed1fdc8d053664858f33228b544e7156c151cc5448d4e2ce4ac10a8e3a"
        },
        {
            "type": "file",
            "name": "backend/human-resource/payroll/fetch_payrolls.php",
            "size": 281,
            "hash": "c407718786dcaafffc0163e06a43120b98373fa5a47ec2add7448957ba1f4142"
        },
        {
            "type": "file",
            "name": "backend/human-resource/payroll/fetch_staff_ids.php",
            "size": 342,
            "hash": "08f8cc52aecea007dfc45cda491c534aeb90e698339aae78c9d85d65ea92d663"
        },
        {
            "type": "file",
            "name": "backend/human-resource/payroll/get_staff_details.php",
            "size": 565,
            "hash": "b8818a50482689df9d5ed18b04158fc0a0e78735dfa23604b9daac72f1172ee8"
        },
        {
            "type": "file",
            "name": "backend/human-resource/payroll/update_payroll.php",
            "size": 851,
            "hash": "903aea5dc9024f089559f097cfe36011656d3be14d370d671e46b1f29eb092de"
        },
        {
            "type": "file",
            "name": "backend/human-resource/performance/add_performance.php",
            "size": 3199,
            "hash": "563edf488b3607f16fc04389b2cae37a5bf010c7c8ecfb26031626eac8edc551"
        },
        {
            "type": "file",
            "name": "backend/human-resource/performance/fetch_performance_appraisals.php",
            "size": 245,
            "hash": "5bceeabb98f3bc0a14a18453000eef04f4bab8272fc9fa9439f7d297396ac2b1"
        },
        {
            "type": "file",
            "name": "backend/human-resource/performance/get-performance.php",
            "size": 404,
            "hash": "4ec272c1a5c784fd3e68a783f24700482283f3d545dc35cfe20ca5b593a4ec17"
        },
        {
            "type": "file",
            "name": "backend/human-resource/reports/fetch_leave_report.php",
            "size": 1054,
            "hash": "2beabd7d7fec365576c50794057af70353a1244ca19c257caaa512c7ee929a3a"
        },
        {
            "type": "file",
            "name": "backend/human-resource/time-management/add_award.php",
            "size": 2166,
            "hash": "7ce87af7a4c062e3592f97505a9c8167f78016ec1acaf7b2228333804fd06b7a"
        },
        {
            "type": "file",
            "name": "backend/human-resource/time-management/award_log.txt",
            "size": 171,
            "hash": "a39e2c050afd87808fd0749dda1d91f19a1222de81d1d0af6569b19f25589fba"
        },
        {
            "type": "file",
            "name": "backend/human-resource/time-management/delete_award.php",
            "size": 280,
            "hash": "69eac8f89cb65aa8fb31f3b506b87ec2b9eff1d8511a14fdc5e8535ffbd686b7"
        },
        {
            "type": "file",
            "name": "backend/human-resource/time-management/edit_award.php",
            "size": 810,
            "hash": "0ba22793d3fe2aa4d08cdf8b7fe473d2a655c59a7fcc9bc3e03e851c5bf649b1"
        },
        {
            "type": "file",
            "name": "backend/human-resource/time-management/fetch_awards.php",
            "size": 1051,
            "hash": "03243b3a4dae1468ad844b8c880aed4219042e6029628443ac32ddf50b41995e"
        },
        {
            "type": "file",
            "name": "backend/human-resource/time-management/mentorship.php",
            "size": 1046,
            "hash": "e6b34e69415d3405606473ab8e14cd788918674a4cf58addb245cd1049c9a4e2"
        },
        {
            "type": "file",
            "name": "backend/human-resource/time-management/staff_mth.php",
            "size": 1054,
            "hash": "c1a2212fec03e1b9d6e56f875871fb665bff98ff07fa6ce63ed769d4ad52af15"
        },
        {
            "type": "file",
            "name": "backend/human-resource/time-management/staff_yr.php",
            "size": 1053,
            "hash": "4413f1d420ec0f1c8651d405c5c5b249db124c5cb2dbab9d12b5546a0077f956"
        },
        {
            "type": "file",
            "name": "backend/human-resource/time-management/top_performer.php",
            "size": 1049,
            "hash": "405a470e432202dc8d5296355a2269cfd2b9b2bc7a33b0381da0a97b2313cce9"
        },
        {
            "type": "file",
            "name": "backend/human-resource/time-management/update_award.php",
            "size": 2328,
            "hash": "469a15e83fe93a32ab45b2387f68cc02472ba7ba59fbb0fd4228fe72aeff19ec"
        },
        {
            "type": "file",
            "name": "backend/human-resource/time-management/welcome.php",
            "size": 723,
            "hash": "4f231dcae11cc664c78d6aa15f6b1400ded471baa228d9ee3b6e4c0499c5a077"
        },
        {
            "type": "file",
            "name": "backend/human-resource/training/add_training.php",
            "size": 643,
            "hash": "f67924112e3a9689d1454bf8c32e56c2e52997a6f79ad9bbca2fce1afd7c558b"
        },
        {
            "type": "file",
            "name": "backend/human-resource/training/delete_training.php",
            "size": 247,
            "hash": "42545082695f397a3bb5062bc8d07c70fb25b750258f8cbcfa3579efea84ea3c"
        },
        {
            "type": "file",
            "name": "backend/human-resource/training/edit_training.php",
            "size": 629,
            "hash": "80e2fd5a1e2d08f17aef981dd97a9726cac20595356cab436c60895c039b3f48"
        },
        {
            "type": "file",
            "name": "backend/human-resource/training/fetch_trainings.php",
            "size": 152,
            "hash": "3136aee86cd05190b671830003c8b2c4751c2366cfe6023232ecb6944b29a65c"
        },
        {
            "type": "file",
            "name": "backend/human-resource/training/view_training.php",
            "size": 194,
            "hash": "056e4f7cceb2271ed1a213b2193f56e8f5c7a6770b0301a5a199d69c7b215dfd"
        },
        {
            "type": "folder",
            "name": "backend/human-resource/uploads/employees"
        },
        {
            "type": "file",
            "name": "backend/inventory/client-order/add_client_orders.php",
            "size": 3731,
            "hash": "d1d66404633a621bdf2e311273c5dc54b0747ea86f6961488dbd1a25d19b2875"
        },
        {
            "type": "file",
            "name": "backend/inventory/client-order/delete_client_orders.php",
            "size": 1609,
            "hash": "d631d9f8e82e05f90666c735410fa212c373981add4d3d5f7e50cfd95dfcae0a"
        },
        {
            "type": "file",
            "name": "backend/inventory/client-order/edit_client_orders.php",
            "size": 4352,
            "hash": "aab817e97431c18857a347925e16b46f37b8c8fb7644d4f4c20882dea5f1e709"
        },
        {
            "type": "file",
            "name": "backend/inventory/client-order/fetch_client_orders.php",
            "size": 1653,
            "hash": "1843ae56f4694259d0d9f928e9500606633810fbb1609b926bcf83ab14e0ae5d"
        },
        {
            "type": "file",
            "name": "backend/inventory/client-order/fetch_clients.php",
            "size": 728,
            "hash": "338cc59b30f2e47b14af8d9b5e728d0b57547f7d3bbfcd2fdb2ebdfc805a4344"
        },
        {
            "type": "file",
            "name": "backend/inventory/client-order/index.php",
            "size": 0,
            "hash": "e3b0c44298fc1c149afbf4c8996fb92427ae41e4649b934ca495991b7852b855"
        },
        {
            "type": "file",
            "name": "backend/inventory/customer-return/add_customer_return.php",
            "size": 2667,
            "hash": "d258875203934d0ce6dca8cacf3f5b2b38271d8e5c002906e4a81be8adf87e51"
        },
        {
            "type": "file",
            "name": "backend/inventory/customer-return/delete_customer_return.php",
            "size": 882,
            "hash": "b06de327aa513048091b062dd06781131c7cce970a26ad363fdbaff5179b5cf7"
        },
        {
            "type": "file",
            "name": "backend/inventory/customer-return/edit_customer_return.php",
            "size": 2425,
            "hash": "f216eeba27f43c0e9f3fa85e64953cf7fb0dcbf8be60d07beff5b045683c88ee"
        },
        {
            "type": "file",
            "name": "backend/inventory/customer-return/fetch_customer_returns.php",
            "size": 1836,
            "hash": "023186d40905262f028b51974f84bee12168d4b220b36b38ee61eff658b6a491"
        },
        {
            "type": "file",
            "name": "backend/inventory/customer-return/index.php",
            "size": 0,
            "hash": "e3b0c44298fc1c149afbf4c8996fb92427ae41e4649b934ca495991b7852b855"
        },
        {
            "type": "file",
            "name": "backend/inventory/report/fetch_orders_report.php",
            "size": 1952,
            "hash": "1dcc56b9e79eaebfc85ba78cefdbc986334abf0bfe10db9fe8f8f6dbe3a751e3"
        },
        {
            "type": "file",
            "name": "backend/inventory/report/fetch_returns_report.php",
            "size": 2102,
            "hash": "51fd4722abc0558ea3d184d9abf067166bc8d95cd8cf47917b70fd426ded2559"
        },
        {
            "type": "file",
            "name": "backend/inventory/report/fetch_stocks_report.php",
            "size": 2662,
            "hash": "0a7b55553817a58c131d6dc54dbf1c6cd270d7dce8fc58149986a1b7bf2a3e2a"
        },
        {
            "type": "file",
            "name": "backend/inventory/report/index.php",
            "size": 0,
            "hash": "e3b0c44298fc1c149afbf4c8996fb92427ae41e4649b934ca495991b7852b855"
        },
        {
            "type": "file",
            "name": "backend/inventory/supplier-return/add_supplier_return.php",
            "size": 2678,
            "hash": "63e9740e94128681387d1d49e300db6854306269f2d714f9e69d294d1fd23fa1"
        },
        {
            "type": "file",
            "name": "backend/inventory/supplier-return/delete_supplier_return.php",
            "size": 882,
            "hash": "288393d9149f5ab2ea372d13e446b59159abbbc8a3f02b45e403ff9d870879b5"
        },
        {
            "type": "file",
            "name": "backend/inventory/supplier-return/edit_supplier_return.php",
            "size": 2409,
            "hash": "a530673570b057a80976ac9b2b4b16ec20b4bbcfc88673a4c308870558ddc32d"
        },
        {
            "type": "file",
            "name": "backend/inventory/supplier-return/fetch_supplier_returns.php",
            "size": 1875,
            "hash": "296ef19c3cf26261f812da40c7f9f38841310e9d06be48643e5ad1baed80a6ad"
        },
        {
            "type": "file",
            "name": "backend/human-resource/employees/uploads/1.jpg",
            "size": 6651,
            "hash": "2a4799e0deb87b64d6f9e675a034a8007539946a0e54a64e33579577727a3922"
        },
        {
            "type": "file",
            "name": "backend/human-resource/uploads/employees/6846ce19a2df5_1.jpg",
            "size": 6651,
            "hash": "2a4799e0deb87b64d6f9e675a034a8007539946a0e54a64e33579577727a3922"
        },
        {
            "type": "file",
            "name": "backend/human-resource/uploads/employees/6846c2afe87bc_downloa.jpg",
            "size": 5241,
            "hash": "8d63f30e471efb8680f4527dfc2ef616acb04a9695edfab67eb6e5eb9401f655"
        }
    ]
}